28/08/10,Hercules,Ath Bilbao,0,1,0,0
28/08/10,Levante,Sevilla,1,4,1,2
28/08/10,Malaga,Valencia,1,3,1,1
29/08/10,Espanol,Getafe,3,1,1,0
29/08/10,La Coruna,Zaragoza,0,0,0,0
29/08/10,Mallorca,Real Madrid,0,0,0,0
29/08/10,Osasuna,Almeria,0,0,0,0
29/08/10,Santander,Barcelona,0,3,0,2
29/08/10,Sociedad,Villarreal,1,0,0,0
30/08/10,Ath Madrid,Sp Gijon,4,0,2,0
11/09/10,Ath Bilbao,Ath Madrid,1,2,0,1
11/09/10,Barcelona,Hercules,0,2,0,1
11/09/10,Real Madrid,Osasuna,1,0,0,0
11/09/10,Valencia,Santander,1,0,1,0
12/09/10,Getafe,Levante,4,1,2,1
12/09/10,Sevilla,La Coruna,0,0,0,0
12/09/10,Sp Gijon,Mallorca,2,0,0,0
12/09/10,Villarreal,Espanol,4,0,2,0
12/09/10,Zaragoza,Malaga,3,5,1,5
13/09/10,Almeria,Sociedad,2,2,1,2
18/09/10,Espanol,Almeria,1,0,0,0
18/09/10,Mallorca,Osasuna,2,0,1,0
18/09/10,Sociedad,Real Madrid,1,2,0,0
18/09/10,Sp Gijon,Ath Bilbao,2,2,2,1
19/09/10,Ath Madrid,Barcelona,1,2,1,2
19/09/10,Hercules,Valencia,1,2,1,2
19/09/10,Levante,Villarreal,1,2,0,2
19/09/10,Malaga,Sevilla,1,2,1,2
19/09/10,Santander,Zaragoza,2,0,0,0
20/09/10,La Coruna,Getafe,2,2,0,1
21/09/10,Ath Bilbao,Mallorca,3,0,1,0
21/09/10,Osasuna,Sociedad,3,1,2,1
21/09/10,Real Madrid,Espanol,3,0,1,0
22/09/10,Almeria,Levante,0,1,0,1
22/09/10,Barcelona,Sp Gijon,1,0,0,0
22/09/10,Valencia,Ath Madrid,1,1,0,1
22/09/10,Zaragoza,Hercules,0,0,0,0
23/09/10,Getafe,Malaga,0,2,0,0
23/09/10,Sevilla,Santander,1,1,1,0
23/09/10,Villarreal,La Coruna,1,0,1,0
25/09/10,Ath Bilbao,Barcelona,1,3,0,0
25/09/10,Levante,Real Madrid,0,0,0,0
25/09/10,Sp Gijon,Valencia,0,2,0,2
26/09/10,Ath Madrid,Zaragoza,1,0,1,0
26/09/10,Espanol,Osasuna,1,0,1,0
26/09/10,Hercules,Sevilla,2,0,2,0
26/09/10,La Coruna,Almeria,0,2,0,2
26/09/10,Mallorca,Sociedad,2,0,1,0
26/09/10,Santander,Getafe,0,1,0,1
27/09/10,Malaga,Villarreal,2,3,2,3
02/10/10,Sociedad,Espanol,1,0,0,0
02/10/10,Valencia,Ath Bilbao,2,1,1,0
02/10/10,Zaragoza,Sp Gijon,2,2,0,1
03/10/10,Almeria,Malaga,1,1,0,0
03/10/10,Barcelona,Mallorca,1,1,1,1
03/10/10,Getafe,Hercules,3,0,2,0
03/10/10,Osasuna,Levante,1,1,0,0
03/10/10,Real Madrid,La Coruna,6,1,3,0
03/10/10,Sevilla,Ath Madrid,3,1,2,0
03/10/10,Villarreal,Santander,2,0,2,0
16/10/10,Ath Madrid,Getafe,2,0,1,0
16/10/10,Barcelona,Valencia,2,1,0,1
16/10/10,Malaga,Real Madrid,1,4,0,2
17/10/10,Ath Bilbao,Zaragoza,2,1,2,0
17/10/10,La Coruna,Osasuna,0,0,0,0
17/10/10,Levante,Sociedad,2,1,0,0
17/10/10,Mallorca,Espanol,0,1,0,1
17/10/10,Santander,Almeria,1,0,1,0
17/10/10,Sp Gijon,Sevilla,2,0,1,0
18/10/10,Hercules,Villarreal,2,2,2,1
23/10/10,Real Madrid,Santander,6,1,3,0
23/10/10,Valencia,Mallorca,1,2,1,2
23/10/10,Zaragoza,Barcelona,0,2,0,1
24/10/10,Almeria,Hercules,1,1,0,1
24/10/10,Espanol,Levante,2,1,1,0
24/10/10,Getafe,Sp Gijon,3,0,1,0
24/10/10,Osasuna,Malaga,3,0,2,0
24/10/10,Sevilla,Ath Bilbao,4,3,2,0
24/10/10,Villarreal,Ath Madrid,2,0,1,0
25/10/10,Sociedad,La Coruna,3,0,1,0
30/10/10,Barcelona,Sevilla,5,0,2,0
30/10/10,Hercules,Real Madrid,1,3,1,0
30/10/10,Valencia,Zaragoza,1,1,1,1
31/10/10,Ath Bilbao,Getafe,3,0,2,0
31/10/10,Ath Madrid,Almeria,1,1,1,1
31/10/10,La Coruna,Espanol,3,0,1,0
31/10/10,Malaga,Sociedad,1,2,0,1
31/10/10,Santander,Osasuna,4,1,2,0
31/10/10,Sp Gijon,Villarreal,1,1,0,0
01/11/10,Mallorca,Levante,2,1,0,1
06/11/10,Espanol,Malaga,1,0,1,0
06/11/10,Sociedad,Santander,1,0,1,0
07/11/10,Almeria,Sp Gijon,1,1,1,0
07/11/10,Getafe,Barcelona,1,3,0,2
07/11/10,Levante,La Coruna,1,2,0,1
07/11/10,Osasuna,Hercules,3,0,1,0
07/11/10,Real Madrid,Ath Madrid,2,0,2,0
07/11/10,Villarreal,Ath Bilbao,4,1,2,1
07/11/10,Zaragoza,Mallorca,3,2,0,1
08/11/10,Sevilla,Valencia,2,0,0,0
13/11/10,Ath Bilbao,Almeria,1,0,1,0
13/11/10,Ath Madrid,Osasuna,3,0,2,0
13/11/10,Barcelona,Villarreal,3,1,1,1
14/11/10,Hercules,Sociedad,2,1,0,1
14/11/10,Malaga,Levante,1,0,0,0
14/11/10,Mallorca,La Coruna,0,0,0,0
14/11/10,Santander,Espanol,0,0,0,0
14/11/10,Sp Gijon,Real Madrid,0,1,0,0
14/11/10,Valencia,Getafe,2,0,1,0
14/11/10,Zaragoza,Sevilla,1,2,0,1
20/11/10,Almeria,Barcelona,0,8,0,5
20/11/10,Real Madrid,Ath Bilbao,5,1,2,1
20/11/10,Villarreal,Valencia,1,1,0,1
21/11/10,Espanol,Hercules,3,0,1,0
21/11/10,La Coruna,Malaga,3,0,2,0
21/11/10,Levante,Santander,3,1,3,0
21/11/10,Osasuna,Sp Gijon,1,0,0,0
21/11/10,Sevilla,Mallorca,1,2,0,1
21/11/10,Sociedad,Ath Madrid,2,4,1,0
22/11/10,Getafe,Zaragoza,1,1,0,1
27/11/10,Ath Madrid,Espanol,2,3,1,1
27/11/10,Sevilla,Getafe,1,3,1,0
27/11/10,Zaragoza,Villarreal,0,3,0,2
28/11/10,Ath Bilbao,Osasuna,1,0,0,0
28/11/10,Hercules,Levante,3,1,1,1
28/11/10,Mallorca,Malaga,2,0,0,0
28/11/10,Santander,La Coruna,1,0,0,0
28/11/10,Sp Gijon,Sociedad,1,3,1,2
28/11/10,Valencia,Almeria,2,1,1,0
29/11/10,Barcelona,Real Madrid,5,0,2,0
04/12/10,Levante,Ath Madrid,2,0,1,0
04/12/10,Osasuna,Barcelona,0,3,0,1
04/12/10,Real Madrid,Valencia,2,0,0,0
05/12/10,Almeria,Zaragoza,1,1,0,0
05/12/10,Espanol,Sp Gijon,1,0,0,0
05/12/10,Getafe,Mallorca,3,0,2,0
05/12/10,Malaga,Santander,4,1,2,1
05/12/10,Sociedad,Ath Bilbao,2,0,1,0
05/12/10,Villarreal,Sevilla,1,0,1,0
06/12/10,La Coruna,Hercules,1,0,0,0
11/12/10,Ath Madrid,La Coruna,2,0,2,0
11/12/10,Getafe,Villarreal,1,0,0,0
11/12/10,Sevilla,Almeria,1,3,0,0
12/12/10,Ath Bilbao,Espanol,2,1,0,1
12/12/10,Barcelona,Sociedad,5,0,2,0
12/12/10,Hercules,Malaga,4,1,0,1
12/12/10,Mallorca,Santander,0,1,0,0
12/12/10,Sp Gijon,Levante,1,1,0,0
12/12/10,Zaragoza,Real Madrid,1,3,0,2
13/12/10,Valencia,Osasuna,3,3,2,2
18/12/10,Espanol,Barcelona,1,5,0,2
18/12/10,La Coruna,Sp Gijon,1,1,1,0
18/12/10,Levante,Ath Bilbao,1,2,1,1
18/12/10,Sociedad,Valencia,1,2,1,1
18/12/10,Villarreal,Mallorca,3,1,2,1
19/12/10,Almeria,Getafe,2,3,2,1
19/12/10,Malaga,Ath Madrid,0,3,0,1
19/12/10,Osasuna,Zaragoza,0,0,0,0
19/12/10,Real Madrid,Sevilla,1,0,0,0
20/12/10,Santander,Hercules,0,0,0,0
02/01/11,Ath Bilbao,La Coruna,1,2,0,1
02/01/11,Barcelona,Levante,2,1,0,0
02/01/11,Sevilla,Osasuna,1,0,1,0
02/01/11,Sp Gijon,Malaga,1,2,1,1
02/01/11,Valencia,Espanol,2,1,1,1
03/01/11,Ath Madrid,Santander,0,0,0,0
03/01/11,Getafe,Real Madrid,2,3,1,2
03/01/11,Mallorca,Hercules,3,0,2,0
03/01/11,Villarreal,Almeria,2,0,1,0
03/01/11,Zaragoza,Sociedad,2,1,1,1
08/01/11,La Coruna,Barcelona,0,4,0,1
08/01/11,Malaga,Ath Bilbao,1,1,0,0
08/01/11,Sociedad,Sevilla,2,3,2,1
09/01/11,Espanol,Zaragoza,4,0,3,0
09/01/11,Levante,Valencia,0,1,0,0
09/01/11,Mallorca,Almeria,4,1,2,0
09/01/11,Osasuna,Getafe,0,0,0,0
09/01/11,Real Madrid,Villarreal,4,2,2,2
09/01/11,Santander,Sp Gijon,1,1,1,0
10/01/11,Hercules,Ath Madrid,4,1,4,0
15/01/11,Ath Bilbao,Santander,2,1,2,0
15/01/11,Getafe,Sociedad,0,4,0,2
15/01/11,Sevilla,Espanol,1,2,0,1
15/01/11,Sp Gijon,Hercules,2,0,2,0
15/01/11,Villarreal,Osasuna,4,2,1,0
15/01/11,Zaragoza,Levante,1,0,1,0
16/01/11,Almeria,Real Madrid,1,1,0,0
16/01/11,Barcelona,Malaga,4,1,3,0
16/01/11,Valencia,La Coruna,2,0,0,0
17/01/11,Ath Madrid,Mallorca,3,0,2,0
22/01/11,Barcelona,Santander,3,0,2,0
22/01/11,Sevilla,Levante,4,1,3,0
22/01/11,Valencia,Malaga,4,3,1,2
23/01/11,Almeria,Osasuna,3,2,2,1
23/01/11,Getafe,Espanol,1,3,1,0
23/01/11,Real Madrid,Mallorca,1,0,0,0
23/01/11,Sp Gijon,Ath Madrid,1,0,0,0
23/01/11,Villarreal,Sociedad,2,1,1,1
23/01/11,Zaragoza,La Coruna,1,0,1,0
24/01/11,Ath Bilbao,Hercules,3,0,1,0
29/01/11,Hercules,Barcelona,0,3,0,1
29/01/11,La Coruna,Sevilla,3,3,1,0
29/01/11,Levante,Getafe,2,0,0,0
29/01/11,Malaga,Zaragoza,1,2,1,1
29/01/11,Mallorca,Sp Gijon,0,4,0,1
29/01/11,Sociedad,Almeria,2,0,1,0
30/01/11,Ath Madrid,Ath Bilbao,0,2,0,1
30/01/11,Espanol,Villarreal,0,1,0,1
30/01/11,Osasuna,Real Madrid,1,0,0,0
31/01/11,Santander,Valencia,1,1,1,0
05/02/11,Almeria,Espanol,3,2,3,1
05/02/11,Ath Bilbao,Sp Gijon,3,0,2,0
05/02/11,Barcelona,Ath Madrid,3,0,2,0
05/02/11,Getafe,La Coruna,4,1,3,0
05/02/11,Osasuna,Mallorca,1,1,1,1
05/02/11,Villarreal,Levante,0,1,0,0
05/02/11,Zaragoza,Santander,1,1,1,1
06/02/11,Real Madrid,Sociedad,4,1,3,0
06/02/11,Sevilla,Malaga,0,0,0,0
06/02/11,Valencia,Hercules,2,0,1,0
12/02/11,Ath Madrid,Valencia,1,2,1,1
12/02/11,Santander,Sevilla,3,2,2,1
12/02/11,Sp Gijon,Barcelona,1,1,1,0
13/02/11,Espanol,Real Madrid,0,1,0,1
13/02/11,Hercules,Zaragoza,2,1,0,1
13/02/11,La Coruna,Villarreal,1,0,0,0
13/02/11,Levante,Almeria,1,0,0,0
13/02/11,Malaga,Getafe,2,2,0,2
13/02/11,Sociedad,Osasuna,1,0,0,0
14/02/11,Mallorca,Ath Bilbao,1,0,1,0
19/02/11,Real Madrid,Levante,2,0,2,0
19/02/11,Valencia,Sp Gijon,0,0,0,0
19/02/11,Zaragoza,Ath Madrid,0,1,0,0
20/02/11,Almeria,La Coruna,1,1,0,0
20/02/11,Barcelona,Ath Bilbao,2,1,1,0
20/02/11,Getafe,Santander,0,1,0,0
20/02/11,Osasuna,Espanol,4,0,1,0
20/02/11,Sevilla,Hercules,1,0,1,0
20/02/11,Villarreal,Malaga,1,1,1,0
21/02/11,Sociedad,Mallorca,1,0,0,0
26/02/11,Ath Madrid,Sevilla,2,2,0,1
26/02/11,Espanol,Sociedad,4,1,1,1
26/02/11,La Coruna,Real Madrid,0,0,0,0
26/02/11,Mallorca,Barcelona,0,3,0,1
26/02/11,Sp Gijon,Zaragoza,0,0,0,0
27/02/11,Ath Bilbao,Valencia,1,2,1,0
27/02/11,Hercules,Getafe,0,0,0,0
27/02/11,Levante,Osasuna,2,1,1,1
27/02/11,Santander,Villarreal,2,2,1,0
28/02/11,Malaga,Almeria,3,1,0,1
01/03/11,Espanol,Mallorca,1,2,1,0
01/03/11,Sevilla,Sp Gijon,3,0,2,0
02/03/11,Getafe,Ath Madrid,1,1,1,0
02/03/11,Osasuna,La Coruna,0,0,0,0
02/03/11,Sociedad,Levante,1,1,0,0
02/03/11,Valencia,Barcelona,0,1,0,0
02/03/11,Villarreal,Hercules,1,0,1,0
02/03/11,Zaragoza,Ath Bilbao,2,1,0,1
03/03/11,Almeria,Santander,1,1,0,1
03/03/11,Real Madrid,Malaga,7,0,3,0
05/03/11,Ath Madrid,Villarreal,3,1,1,1
05/03/11,Barcelona,Zaragoza,1,0,1,0
05/03/11,Mallorca,Valencia,1,2,1,1
06/03/11,Ath Bilbao,Sevilla,2,0,0,0
06/03/11,Hercules,Almeria,1,2,0,0
06/03/11,Levante,Espanol,1,0,1,0
06/03/11,Malaga,Osasuna,0,1,0,0
06/03/11,Santander,Real Madrid,1,3,0,2
06/03/11,Sp Gijon,Getafe,2,0,2,0
07/03/11,La Coruna,Sociedad,2,1,1,0
12/03/11,Almeria,Ath Madrid,2,2,0,1
12/03/11,Real Madrid,Hercules,2,0,1,0
12/03/11,Zaragoza,Valencia,4,0,2,0
13/03/11,Espanol,La Coruna,2,0,0,0
13/03/11,Levante,Mallorca,1,1,1,0
13/03/11,Osasuna,Santander,3,1,2,0
13/03/11,Sevilla,Barcelona,1,1,0,1
13/03/11,Sociedad,Malaga,0,2,0,1
13/03/11,Villarreal,Sp Gijon,1,1,1,0
14/03/11,Getafe,Ath Bilbao,2,2,0,0
19/03/11,Ath Madrid,Real Madrid,1,2,0,2
19/03/11,Barcelona,Getafe,2,1,1,0
19/03/11,Mallorca,Zaragoza,1,0,0,0
20/03/11,Ath Bilbao,Villarreal,0,1,0,0
20/03/11,Hercules,Osasuna,0,4,0,2
20/03/11,La Coruna,Levante,0,1,0,0
20/03/11,Malaga,Espanol,2,0,2,0
20/03/11,Santander,Sociedad,2,1,1,0
20/03/11,Sp Gijon,Almeria,1,0,1,0
20/03/11,Valencia,Sevilla,0,1,0,0
02/04/11,Getafe,Valencia,2,4,1,0
02/04/11,Real Madrid,Sp Gijon,0,1,0,0
02/04/11,Villarreal,Barcelona,0,1,0,0
03/04/11,Espanol,Santander,1,2,1,0
03/04/11,La Coruna,Mallorca,2,1,0,1
03/04/11,Levante,Malaga,3,1,2,0
03/04/11,Osasuna,Ath Madrid,2,3,1,1
03/04/11,Sevilla,Zaragoza,3,1,1,0
03/04/11,Sociedad,Hercules,1,3,0,0
04/04/11,Almeria,Ath Bilbao,1,3,1,1
09/04/11,Ath Bilbao,Real Madrid,0,3,0,1
09/04/11,Barcelona,Almeria,3,1,0,0
09/04/11,Mallorca,Sevilla,2,2,2,1
10/04/11,Ath Madrid,Sociedad,3,0,2,0
10/04/11,Hercules,Espanol,0,0,0,0
10/04/11,Malaga,La Coruna,0,0,0,0
10/04/11,Santander,Levante,1,1,1,0
10/04/11,Sp Gijon,Osasuna,1,0,0,0
10/04/11,Valencia,Villarreal,5,0,1,0
11/04/11,Zaragoza,Getafe,2,1,2,1
16/04/11,Almeria,Valencia,0,3,0,0
16/04/11,Getafe,Sevilla,1,0,0,0
16/04/11,Malaga,Mallorca,3,0,2,0
16/04/11,Real Madrid,Barcelona,1,1,0,0
17/04/11,Espanol,Ath Madrid,2,2,1,1
17/04/11,La Coruna,Santander,2,0,1,0
17/04/11,Levante,Hercules,2,1,2,0
17/04/11,Osasuna,Ath Bilbao,1,2,0,0
17/04/11,Sociedad,Sp Gijon,2,1,1,0
18/04/11,Villarreal,Zaragoza,1,0,0,0
23/04/11,Ath Bilbao,Sociedad,2,1,2,1
23/04/11,Barcelona,Osasuna,2,0,1,0
23/04/11,Valencia,Real Madrid,3,6,0,4
24/04/11,Ath Madrid,Levante,4,1,1,1
24/04/11,Hercules,La Coruna,1,0,0,0
24/04/11,Mallorca,Getafe,2,0,1,0
24/04/11,Santander,Malaga,1,2,0,2
24/04/11,Sevilla,Villarreal,3,2,2,0
24/04/11,Sp Gijon,Espanol,1,0,0,0
25/04/11,Zaragoza,Almeria,1,0,0,0
30/04/11,La Coruna,Ath Madrid,0,1,0,0
30/04/11,Real Madrid,Zaragoza,2,3,0,1
30/04/11,Sociedad,Barcelona,2,1,0,1
01/05/11,Almeria,Sevilla,0,1,0,0
01/05/11,Levante,Sp Gijon,0,0,0,0
01/05/11,Malaga,Hercules,3,1,1,1
01/05/11,Osasuna,Valencia,1,0,0,0
01/05/11,Santander,Mallorca,2,0,2,0
01/05/11,Villarreal,Getafe,2,1,0,1
02/05/11,Espanol,Ath Bilbao,2,1,1,1
07/05/11,Ath Bilbao,Levante,3,2,1,0
07/05/11,Ath Madrid,Malaga,0,3,0,2
07/05/11,Getafe,Almeria,2,0,1,0
07/05/11,Hercules,Santander,2,3,2,3
07/05/11,Sevilla,Real Madrid,2,6,0,3
07/05/11,Sp Gijon,La Coruna,2,2,1,2
07/05/11,Valencia,Sociedad,3,0,3,0
08/05/11,Barcelona,Espanol,2,0,1,0
08/05/11,Mallorca,Villarreal,0,0,0,0
08/05/11,Zaragoza,Osasuna,1,3,1,0
10/05/11,La Coruna,Ath Bilbao,2,1,1,1
10/05/11,Malaga,Sp Gijon,2,0,1,0
10/05/11,Real Madrid,Getafe,4,0,1,0
10/05/11,Santander,Ath Madrid,2,1,1,1
11/05/11,Almeria,Villarreal,0,0,0,0
11/05/11,Espanol,Valencia,2,2,1,2
11/05/11,Hercules,Mallorca,2,2,2,0
11/05/11,Levante,Barcelona,1,1,1,1
11/05/11,Osasuna,Sevilla,3,2,0,2
11/05/11,Sociedad,Zaragoza,2,1,1,0
15/05/11,Almeria,Mallorca,3,1,3,1
15/05/11,Ath Bilbao,Malaga,1,1,0,1
15/05/11,Ath Madrid,Hercules,2,1,1,0
15/05/11,Barcelona,La Coruna,0,0,0,0
15/05/11,Getafe,Osasuna,2,0,0,0
15/05/11,Sevilla,Sociedad,3,1,0,0
15/05/11,Sp Gijon,Santander,2,1,1,1
15/05/11,Valencia,Levante,0,0,0,0
15/05/11,Villarreal,Real Madrid,1,3,0,2
15/05/11,Zaragoza,Espanol,1,0,0,0
21/05/11,Espanol,Sevilla,2,3,0,2
21/05/11,Hercules,Sp Gijon,0,0,0,0
21/05/11,La Coruna,Valencia,0,2,0,1
21/05/11,Levante,Zaragoza,1,2,0,1
21/05/11,Malaga,Barcelona,1,3,1,1
21/05/11,Mallorca,Ath Madrid,3,4,0,2
21/05/11,Osasuna,Villarreal,1,0,1,0
21/05/11,Real Madrid,Almeria,8,1,2,1
21/05/11,Santander,Ath Bilbao,1,2,0,2
21/05/11,Sociedad,Getafe,1,1,0,1
