26/08/06,Almeria,Tenerife,0,1,0,0
26/08/06,Las Palmas,Xerez,0,1,0,1
27/08/06,Alaves,Elche,1,1,1,1
27/08/06,Albacete,Ponferradina,2,0,0,0
27/08/06,Cadiz,Vecindario,3,0,1,0
27/08/06,Castellon,Real Madrid B,1,1,1,0
27/08/06,Ciudad de Murcia,Poli Ejido,3,0,1,0
27/08/06,Hercules,Malaga,0,1,0,0
27/08/06,Numancia,Lorca,0,0,0,0
27/08/06,Salamanca,Murcia,3,2,1,0
27/08/06,Sp Gijon,Valladolid,1,3,1,1
02/09/06,Elche,Albacete,1,2,1,1
02/09/06,Lorca,Sp Gijon,0,2,0,0
02/09/06,Murcia,Almeria,3,2,1,1
02/09/06,Real Madrid B,Hercules,0,3,0,0
02/09/06,Vecindario,Castellon,4,2,1,1
02/09/06,Xerez,Ciudad de Murcia,2,0,0,0
03/09/06,Malaga,Alaves,1,0,0,0
03/09/06,Poli Ejido,Salamanca,1,0,0,0
03/09/06,Ponferradina,Numancia,2,0,1,0
03/09/06,Tenerife,Cadiz,0,1,0,0
03/09/06,Valladolid,Las Palmas,2,0,1,0
09/09/06,Alaves,Real Madrid B,3,1,1,1
09/09/06,Albacete,Malaga,2,1,0,0
09/09/06,Castellon,Tenerife,2,1,1,1
09/09/06,Ciudad de Murcia,Valladolid,1,0,0,0
09/09/06,Las Palmas,Lorca,2,1,1,1
09/09/06,Poli Ejido,Xerez,0,2,0,2
10/09/06,Cadiz,Murcia,1,1,1,1
10/09/06,Hercules,Vecindario,1,0,1,0
10/09/06,Numancia,Elche,3,2,1,2
10/09/06,Salamanca,Almeria,2,0,0,0
10/09/06,Sp Gijon,Ponferradina,1,0,1,0
16/09/06,Elche,Sp Gijon,1,0,0,0
16/09/06,Lorca,Ciudad de Murcia,1,0,0,0
16/09/06,Malaga,Numancia,1,2,1,2
16/09/06,Ponferradina,Las Palmas,3,0,2,0
16/09/06,Real Madrid B,Albacete,2,1,0,1
16/09/06,Vecindario,Alaves,0,1,0,0
17/09/06,Almeria,Cadiz,2,1,1,0
17/09/06,Murcia,Castellon,2,1,0,0
17/09/06,Tenerife,Hercules,3,2,1,0
17/09/06,Valladolid,Poli Ejido,0,1,0,1
17/09/06,Xerez,Salamanca,5,0,2,0
23/09/06,Alaves,Tenerife,0,0,0,0
23/09/06,Hercules,Murcia,0,1,0,1
23/09/06,Salamanca,Cadiz,2,0,1,0
24/09/06,Albacete,Vecindario,3,2,2,1
24/09/06,Castellon,Almeria,1,1,0,0
24/09/06,Ciudad de Murcia,Ponferradina,1,1,1,1
24/09/06,Las Palmas,Elche,2,2,2,0
24/09/06,Numancia,Real Madrid B,0,1,0,1
24/09/06,Poli Ejido,Lorca,1,1,0,1
24/09/06,Sp Gijon,Malaga,1,3,1,0
24/09/06,Xerez,Valladolid,1,1,1,0
30/09/06,Cadiz,Castellon,0,2,0,2
30/09/06,Malaga,Las Palmas,3,1,1,1
30/09/06,Murcia,Alaves,1,0,0,0
30/09/06,Vecindario,Numancia,1,5,0,4
01/10/06,Almeria,Hercules,3,0,0,0
01/10/06,Elche,Ciudad de Murcia,1,2,0,1
01/10/06,Lorca,Xerez,2,1,0,1
01/10/06,Ponferradina,Poli Ejido,2,0,1,0
01/10/06,Real Madrid B,Sp Gijon,0,3,0,1
01/10/06,Tenerife,Albacete,1,0,0,0
01/10/06,Valladolid,Salamanca,2,3,1,2
07/10/06,Numancia,Tenerife,0,1,0,1
07/10/06,Poli Ejido,Elche,2,1,0,1
07/10/06,Sp Gijon,Vecindario,1,0,0,0
07/10/06,Valladolid,Lorca,1,0,1,0
08/10/06,Alaves,Almeria,1,0,0,0
08/10/06,Albacete,Murcia,0,0,0,0
08/10/06,Ciudad de Murcia,Malaga,2,0,2,0
08/10/06,Hercules,Cadiz,0,1,0,1
08/10/06,Las Palmas,Real Madrid B,2,1,1,1
08/10/06,Salamanca,Castellon,1,2,0,1
08/10/06,Xerez,Ponferradina,3,1,1,0
14/10/06,Castellon,Hercules,0,0,0,0
14/10/06,Malaga,Poli Ejido,1,1,0,0
14/10/06,Real Madrid B,Ciudad de Murcia,2,1,0,1
14/10/06,Vecindario,Las Palmas,1,0,1,0
15/10/06,Almeria,Albacete,2,1,2,0
15/10/06,Cadiz,Alaves,1,1,1,0
15/10/06,Elche,Xerez,1,1,0,0
15/10/06,Lorca,Salamanca,0,2,0,1
15/10/06,Murcia,Numancia,3,0,1,0
15/10/06,Ponferradina,Valladolid,2,2,1,1
15/10/06,Tenerife,Sp Gijon,0,4,0,3
21/10/06,Alaves,Castellon,2,0,0,0
21/10/06,Ciudad de Murcia,Vecindario,2,0,1,0
21/10/06,Las Palmas,Tenerife,0,0,0,0
21/10/06,Lorca,Ponferradina,1,0,0,0
21/10/06,Valladolid,Elche,1,0,0,0
22/10/06,Albacete,Cadiz,4,1,3,1
22/10/06,Numancia,Almeria,1,1,1,1
22/10/06,Poli Ejido,Real Madrid B,0,0,0,0
22/10/06,Salamanca,Hercules,2,2,1,1
22/10/06,Sp Gijon,Murcia,0,1,0,1
22/10/06,Xerez,Malaga,1,0,0,0
28/10/06,Almeria,Sp Gijon,2,0,1,0
28/10/06,Castellon,Albacete,0,0,0,0
28/10/06,Hercules,Alaves,3,1,0,1
28/10/06,Real Madrid B,Xerez,1,1,1,0
28/10/06,Tenerife,Ciudad de Murcia,1,0,0,0
28/10/06,Vecindario,Poli Ejido,0,4,0,2
29/10/06,Cadiz,Numancia,1,0,1,0
29/10/06,Elche,Lorca,0,2,0,1
29/10/06,Malaga,Valladolid,0,1,0,0
29/10/06,Murcia,Las Palmas,3,1,2,1
29/10/06,Ponferradina,Salamanca,1,2,0,1
04/11/06,Albacete,Hercules,0,1,0,0
04/11/06,Las Palmas,Almeria,3,1,1,0
04/11/06,Lorca,Malaga,2,2,2,2
04/11/06,Sp Gijon,Cadiz,5,4,3,3
04/11/06,Xerez,Vecindario,1,0,1,0
05/11/06,Ciudad de Murcia,Murcia,1,1,1,1
05/11/06,Numancia,Castellon,2,1,2,1
05/11/06,Poli Ejido,Tenerife,4,2,2,1
05/11/06,Ponferradina,Elche,1,1,1,0
05/11/06,Salamanca,Alaves,3,0,1,0
05/11/06,Valladolid,Real Madrid B,4,0,0,0
11/11/06,Cadiz,Las Palmas,0,0,0,0
11/11/06,Elche,Salamanca,1,1,1,1
11/11/06,Hercules,Numancia,2,0,1,0
11/11/06,Murcia,Poli Ejido,0,1,0,0
11/11/06,Real Madrid B,Lorca,2,0,0,0
12/11/06,Alaves,Albacete,1,1,0,1
12/11/06,Almeria,Ciudad de Murcia,3,1,1,0
12/11/06,Castellon,Sp Gijon,0,3,0,1
12/11/06,Malaga,Ponferradina,1,1,1,0
12/11/06,Tenerife,Xerez,0,2,0,1
12/11/06,Vecindario,Valladolid,1,2,1,1
18/11/06,Ciudad de Murcia,Cadiz,1,1,0,1
18/11/06,Las Palmas,Castellon,1,0,0,0
18/11/06,Poli Ejido,Almeria,1,2,1,1
18/11/06,Salamanca,Albacete,4,1,1,1
18/11/06,Sp Gijon,Hercules,1,0,1,0
19/11/06,Elche,Malaga,2,1,0,0
19/11/06,Lorca,Vecindario,1,1,0,0
19/11/06,Numancia,Alaves,1,1,0,1
19/11/06,Ponferradina,Real Madrid B,0,3,0,1
19/11/06,Valladolid,Tenerife,1,0,1,0
19/11/06,Xerez,Murcia,1,1,0,0
25/11/06,Alaves,Sp Gijon,0,0,0,0
25/11/06,Albacete,Numancia,1,3,0,2
25/11/06,Almeria,Xerez,1,1,1,0
25/11/06,Castellon,Ciudad de Murcia,2,0,0,0
25/11/06,Real Madrid B,Elche,0,2,0,1
25/11/06,Vecindario,Ponferradina,1,0,0,0
26/11/06,Cadiz,Poli Ejido,0,0,0,0
26/11/06,Hercules,Las Palmas,1,1,1,1
26/11/06,Malaga,Salamanca,1,0,0,0
26/11/06,Murcia,Valladolid,1,4,1,2
26/11/06,Tenerife,Lorca,1,1,1,0
02/12/06,Elche,Vecindario,2,1,1,1
02/12/06,Las Palmas,Alaves,6,1,2,0
02/12/06,Lorca,Murcia,1,1,1,0
02/12/06,Malaga,Real Madrid B,3,3,3,2
02/12/06,Ponferradina,Tenerife,1,0,1,0
03/12/06,Ciudad de Murcia,Hercules,2,1,0,1
03/12/06,Poli Ejido,Castellon,0,2,0,1
03/12/06,Salamanca,Numancia,0,0,0,0
03/12/06,Sp Gijon,Albacete,0,1,0,0
03/12/06,Valladolid,Almeria,2,2,1,0
03/12/06,Xerez,Cadiz,1,4,1,1
09/12/06,Alaves,Ciudad de Murcia,1,0,1,0
09/12/06,Almeria,Lorca,4,0,0,0
09/12/06,Castellon,Xerez,1,0,1,0
09/12/06,Hercules,Poli Ejido,1,0,0,0
09/12/06,Numancia,Sp Gijon,2,0,0,0
09/12/06,Vecindario,Malaga,1,1,0,0
10/12/06,Albacete,Las Palmas,1,1,0,0
10/12/06,Cadiz,Valladolid,0,0,0,0
10/12/06,Murcia,Ponferradina,1,1,0,1
10/12/06,Real Madrid B,Salamanca,2,1,0,1
10/12/06,Tenerife,Elche,2,0,1,0
16/12/06,Ciudad de Murcia,Albacete,2,1,0,1
16/12/06,Elche,Murcia,1,1,0,0
16/12/06,Las Palmas,Numancia,1,1,1,0
16/12/06,Malaga,Tenerife,1,0,1,0
16/12/06,Poli Ejido,Alaves,5,2,3,1
16/12/06,Ponferradina,Almeria,0,1,0,0
16/12/06,Real Madrid B,Vecindario,3,2,3,0
16/12/06,Valladolid,Castellon,1,0,1,0
17/12/06,Lorca,Cadiz,1,2,0,1
17/12/06,Salamanca,Sp Gijon,0,1,0,0
17/12/06,Xerez,Hercules,0,2,0,1
20/12/06,Albacete,Poli Ejido,1,1,1,0
20/12/06,Almeria,Elche,2,0,2,0
20/12/06,Cadiz,Ponferradina,0,0,0,0
20/12/06,Castellon,Lorca,2,1,1,1
20/12/06,Murcia,Malaga,3,2,3,0
20/12/06,Numancia,Ciudad de Murcia,2,1,0,0
20/12/06,Tenerife,Real Madrid B,3,2,3,0
20/12/06,Vecindario,Salamanca,0,3,0,3
21/12/06,Alaves,Xerez,1,0,0,0
21/12/06,Hercules,Valladolid,2,2,1,2
21/12/06,Sp Gijon,Las Palmas,2,0,0,0
06/01/07,Lorca,Hercules,0,1,0,1
06/01/07,Malaga,Almeria,2,1,1,1
06/01/07,Vecindario,Tenerife,2,1,0,0
06/01/07,Xerez,Albacete,0,1,0,1
07/01/07,Ciudad de Murcia,Sp Gijon,3,1,1,1
07/01/07,Elche,Cadiz,1,1,1,1
07/01/07,Poli Ejido,Numancia,0,0,0,0
07/01/07,Ponferradina,Castellon,1,0,0,0
07/01/07,Real Madrid B,Murcia,0,2,0,0
07/01/07,Salamanca,Las Palmas,2,2,2,2
07/01/07,Valladolid,Alaves,1,0,1,0
13/01/07,Alaves,Lorca,3,1,1,0
13/01/07,Albacete,Valladolid,0,2,0,0
13/01/07,Castellon,Elche,1,2,1,0
13/01/07,Las Palmas,Ciudad de Murcia,0,1,0,0
13/01/07,Sp Gijon,Poli Ejido,0,1,0,0
14/01/07,Almeria,Real Madrid B,1,0,0,0
14/01/07,Cadiz,Malaga,1,0,0,0
14/01/07,Hercules,Ponferradina,3,0,2,0
14/01/07,Murcia,Vecindario,4,3,1,1
14/01/07,Numancia,Xerez,1,0,1,0
14/01/07,Salamanca,Tenerife,0,0,0,0
20/01/07,Elche,Hercules,2,0,1,0
20/01/07,Real Madrid B,Cadiz,0,1,0,1
20/01/07,Tenerife,Murcia,1,1,0,0
21/01/07,Ciudad de Murcia,Salamanca,1,0,0,0
21/01/07,Lorca,Albacete,3,0,1,0
21/01/07,Malaga,Castellon,0,0,0,0
21/01/07,Poli Ejido,Las Palmas,1,1,0,1
21/01/07,Ponferradina,Alaves,0,2,0,1
21/01/07,Valladolid,Numancia,2,0,1,0
21/01/07,Vecindario,Almeria,0,1,0,1
21/01/07,Xerez,Sp Gijon,3,1,1,1
27/01/07,Lorca,Numancia,1,1,0,1
27/01/07,Ponferradina,Albacete,4,3,4,1
27/01/07,Real Madrid B,Castellon,1,1,1,0
27/01/07,Valladolid,Sp Gijon,1,0,1,0
27/01/07,Xerez,Las Palmas,0,0,0,0
28/01/07,Elche,Alaves,1,0,1,0
28/01/07,Malaga,Hercules,0,0,0,0
28/01/07,Murcia,Salamanca,1,0,0,0
28/01/07,Poli Ejido,Ciudad de Murcia,2,0,2,0
28/01/07,Tenerife,Almeria,2,1,2,1
28/01/07,Vecindario,Cadiz,1,2,1,0
03/02/07,Alaves,Malaga,0,1,0,0
03/02/07,Albacete,Elche,0,0,0,0
03/02/07,Cadiz,Tenerife,1,0,1,0
03/02/07,Ciudad de Murcia,Xerez,1,0,0,0
03/02/07,Hercules,Real Madrid B,0,3,0,0
03/02/07,Las Palmas,Valladolid,2,2,2,2
04/02/07,Almeria,Murcia,2,1,0,0
04/02/07,Castellon,Vecindario,0,0,0,0
04/02/07,Numancia,Ponferradina,1,0,1,0
04/02/07,Salamanca,Poli Ejido,0,0,0,0
04/02/07,Sp Gijon,Lorca,0,1,0,0
10/02/07,Murcia,Cadiz,1,0,1,0
10/02/07,Ponferradina,Sp Gijon,0,3,0,1
10/02/07,Real Madrid B,Alaves,1,1,0,1
11/02/07,Almeria,Salamanca,3,1,1,0
11/02/07,Elche,Numancia,1,2,0,1
11/02/07,Lorca,Las Palmas,0,1,0,0
11/02/07,Malaga,Albacete,0,3,0,3
11/02/07,Tenerife,Castellon,2,0,1,0
11/02/07,Valladolid,Ciudad de Murcia,1,0,1,0
11/02/07,Vecindario,Hercules,1,1,0,0
11/02/07,Xerez,Poli Ejido,2,1,0,0
17/02/07,Albacete,Real Madrid B,1,0,0,0
17/02/07,Cadiz,Almeria,2,2,1,1
17/02/07,Ciudad de Murcia,Lorca,2,1,1,0
17/02/07,Hercules,Tenerife,3,1,0,1
18/02/07,Alaves,Vecindario,5,1,1,1
18/02/07,Castellon,Murcia,0,1,0,0
18/02/07,Las Palmas,Ponferradina,0,0,0,0
18/02/07,Numancia,Malaga,2,0,1,0
18/02/07,Poli Ejido,Valladolid,2,3,2,0
18/02/07,Salamanca,Xerez,1,0,1,0
18/02/07,Sp Gijon,Elche,0,0,0,0
24/02/07,Almeria,Castellon,2,1,0,1
24/02/07,Cadiz,Salamanca,2,0,2,0
24/02/07,Real Madrid B,Numancia,0,0,0,0
24/02/07,Tenerife,Alaves,1,2,0,1
25/02/07,Elche,Las Palmas,2,1,1,1
25/02/07,Lorca,Poli Ejido,1,3,1,1
25/02/07,Malaga,Sp Gijon,1,1,1,1
25/02/07,Murcia,Hercules,3,1,1,0
25/02/07,Ponferradina,Ciudad de Murcia,1,0,1,0
25/02/07,Valladolid,Xerez,1,1,1,0
25/02/07,Vecindario,Albacete,1,0,1,0
03/03/07,Alaves,Murcia,1,1,1,1
03/03/07,Albacete,Tenerife,2,0,1,0
03/03/07,Castellon,Cadiz,2,0,1,0
03/03/07,Las Palmas,Malaga,2,1,0,1
04/03/07,Ciudad de Murcia,Elche,1,1,1,1
04/03/07,Hercules,Almeria,0,2,0,0
04/03/07,Numancia,Vecindario,3,0,2,0
04/03/07,Poli Ejido,Ponferradina,1,1,1,1
04/03/07,Salamanca,Valladolid,1,1,0,0
04/03/07,Sp Gijon,Real Madrid B,0,1,0,0
04/03/07,Xerez,Lorca,1,0,1,0
10/03/07,Elche,Poli Ejido,2,0,2,0
10/03/07,Real Madrid B,Las Palmas,0,3,0,0
10/03/07,Vecindario,Sp Gijon,0,2,0,1
11/03/07,Almeria,Alaves,2,2,1,0
11/03/07,Cadiz,Hercules,1,1,1,0
11/03/07,Castellon,Salamanca,1,2,1,1
11/03/07,Lorca,Valladolid,0,2,0,0
11/03/07,Malaga,Ciudad de Murcia,0,0,0,0
11/03/07,Murcia,Albacete,0,1,0,0
11/03/07,Ponferradina,Xerez,1,1,0,1
11/03/07,Tenerife,Numancia,1,0,0,0
17/03/07,Albacete,Almeria,1,1,0,1
17/03/07,Ciudad de Murcia,Real Madrid B,0,0,0,0
17/03/07,Hercules,Castellon,2,2,1,1
17/03/07,Las Palmas,Vecindario,3,1,2,0
18/03/07,Alaves,Cadiz,1,1,0,0
18/03/07,Numancia,Murcia,1,2,0,1
18/03/07,Poli Ejido,Malaga,4,1,1,1
18/03/07,Salamanca,Lorca,2,1,2,1
18/03/07,Sp Gijon,Tenerife,1,1,0,1
18/03/07,Valladolid,Ponferradina,1,0,0,0
18/03/07,Xerez,Elche,2,1,0,0
24/03/07,Cadiz,Albacete,1,2,0,0
24/03/07,Hercules,Salamanca,2,0,1,0
24/03/07,Murcia,Sp Gijon,3,1,1,0
24/03/07,Tenerife,Las Palmas,3,1,2,0
25/03/07,Almeria,Numancia,3,0,2,0
25/03/07,Castellon,Alaves,2,0,1,0
25/03/07,Elche,Valladolid,0,1,0,1
25/03/07,Malaga,Xerez,1,0,1,0
25/03/07,Ponferradina,Lorca,2,1,1,1
25/03/07,Real Madrid B,Poli Ejido,4,1,1,1
25/03/07,Vecindario,Ciudad de Murcia,0,1,0,1
31/03/07,Las Palmas,Murcia,1,0,1,0
31/03/07,Lorca,Elche,2,0,2,0
31/03/07,Xerez,Real Madrid B,3,1,1,1
01/04/07,Alaves,Hercules,2,3,0,1
01/04/07,Albacete,Castellon,0,1,0,1
01/04/07,Ciudad de Murcia,Tenerife,2,1,0,1
01/04/07,Numancia,Cadiz,1,0,0,0
01/04/07,Poli Ejido,Vecindario,1,0,1,0
01/04/07,Salamanca,Ponferradina,3,3,2,0
01/04/07,Sp Gijon,Almeria,1,2,1,0
01/04/07,Valladolid,Malaga,1,0,0,0
07/04/07,Hercules,Albacete,0,1,0,0
07/04/07,Malaga,Lorca,4,0,2,0
07/04/07,Murcia,Ciudad de Murcia,2,1,0,0
07/04/07,Real Madrid B,Valladolid,1,3,1,2
07/04/07,Vecindario,Xerez,2,1,1,0
08/04/07,Alaves,Salamanca,0,2,0,1
08/04/07,Almeria,Las Palmas,2,1,2,1
08/04/07,Cadiz,Sp Gijon,1,1,1,1
08/04/07,Castellon,Numancia,3,1,3,0
08/04/07,Elche,Ponferradina,1,0,1,0
08/04/07,Tenerife,Poli Ejido,3,1,1,0
14/04/07,Albacete,Alaves,2,2,0,0
14/04/07,Las Palmas,Cadiz,0,3,0,0
14/04/07,Poli Ejido,Murcia,0,2,0,0
14/04/07,Xerez,Tenerife,1,2,1,2
15/04/07,Ciudad de Murcia,Almeria,0,1,0,1
15/04/07,Lorca,Real Madrid B,2,0,0,0
15/04/07,Numancia,Hercules,2,2,1,1
15/04/07,Ponferradina,Malaga,2,2,1,0
15/04/07,Salamanca,Elche,0,1,0,1
15/04/07,Sp Gijon,Castellon,2,2,1,1
15/04/07,Valladolid,Vecindario,3,0,1,0
21/04/07,Cadiz,Ciudad de Murcia,1,2,1,0
21/04/07,Castellon,Las Palmas,2,0,0,0
22/04/07,Alaves,Numancia,2,2,1,2
22/04/07,Albacete,Salamanca,1,1,1,0
22/04/07,Almeria,Poli Ejido,3,1,0,1
22/04/07,Hercules,Sp Gijon,1,1,0,1
22/04/07,Malaga,Elche,2,0,1,0
22/04/07,Murcia,Xerez,3,0,1,0
22/04/07,Real Madrid B,Ponferradina,3,1,1,0
22/04/07,Tenerife,Valladolid,0,2,0,1
22/04/07,Vecindario,Lorca,1,1,1,1
28/04/07,Ciudad de Murcia,Castellon,1,1,1,1
28/04/07,Las Palmas,Hercules,3,1,0,1
28/04/07,Poli Ejido,Cadiz,0,1,0,0
28/04/07,Sp Gijon,Alaves,1,1,1,1
28/04/07,Xerez,Almeria,3,0,1,0
29/04/07,Elche,Real Madrid B,2,1,1,0
29/04/07,Lorca,Tenerife,2,3,0,0
29/04/07,Numancia,Albacete,1,1,1,0
29/04/07,Ponferradina,Vecindario,3,3,1,1
29/04/07,Salamanca,Malaga,0,0,0,0
29/04/07,Valladolid,Murcia,1,1,1,0
05/05/07,Alaves,Las Palmas,1,2,1,1
05/05/07,Albacete,Sp Gijon,2,1,1,0
05/05/07,Hercules,Ciudad de Murcia,1,1,0,0
05/05/07,Murcia,Lorca,1,0,0,0
05/05/07,Numancia,Salamanca,0,0,0,0
05/05/07,Real Madrid B,Malaga,2,1,0,1
05/05/07,Vecindario,Elche,1,4,0,2
06/05/07,Almeria,Valladolid,3,2,1,2
06/05/07,Cadiz,Xerez,1,2,0,1
06/05/07,Castellon,Poli Ejido,0,0,0,0
06/05/07,Tenerife,Ponferradina,0,1,0,0
12/05/07,Ciudad de Murcia,Alaves,5,1,2,1
12/05/07,Elche,Tenerife,0,1,0,0
12/05/07,Las Palmas,Albacete,0,1,0,0
12/05/07,Malaga,Vecindario,3,2,0,2
12/05/07,Ponferradina,Murcia,1,1,0,0
12/05/07,Salamanca,Real Madrid B,3,2,2,1
12/05/07,Sp Gijon,Numancia,1,0,0,0
13/05/07,Lorca,Almeria,3,1,1,0
13/05/07,Poli Ejido,Hercules,2,0,1,0
13/05/07,Valladolid,Cadiz,2,2,1,1
13/05/07,Xerez,Castellon,1,0,1,0
19/05/07,Alaves,Poli Ejido,2,1,0,1
19/05/07,Almeria,Ponferradina,3,1,2,1
19/05/07,Hercules,Xerez,2,0,1,0
19/05/07,Numancia,Las Palmas,3,0,1,0
19/05/07,Sp Gijon,Salamanca,2,1,1,0
19/05/07,Vecindario,Real Madrid B,2,1,1,1
20/05/07,Albacete,Ciudad de Murcia,2,2,0,2
20/05/07,Cadiz,Lorca,0,0,0,0
20/05/07,Castellon,Valladolid,2,1,2,1
20/05/07,Murcia,Elche,0,2,0,1
20/05/07,Tenerife,Malaga,1,2,1,0
26/05/07,Ciudad de Murcia,Numancia,1,0,1,0
26/05/07,Las Palmas,Sp Gijon,3,1,2,0
26/05/07,Lorca,Castellon,0,4,0,3
26/05/07,Poli Ejido,Albacete,1,0,0,0
26/05/07,Ponferradina,Cadiz,1,3,0,0
26/05/07,Valladolid,Hercules,0,1,0,1
26/05/07,Xerez,Alaves,0,2,0,1
27/05/07,Elche,Almeria,1,2,0,1
27/05/07,Malaga,Murcia,1,2,0,1
27/05/07,Real Madrid B,Tenerife,2,3,1,1
27/05/07,Salamanca,Vecindario,2,3,1,1
02/06/07,Cadiz,Elche,3,1,2,0
02/06/07,Las Palmas,Salamanca,2,2,2,0
02/06/07,Sp Gijon,Ciudad de Murcia,4,3,1,1
02/06/07,Tenerife,Vecindario,0,2,0,1
03/06/07,Alaves,Valladolid,1,2,1,1
03/06/07,Albacete,Xerez,0,0,0,0
03/06/07,Almeria,Malaga,2,2,0,2
03/06/07,Castellon,Ponferradina,4,0,1,0
03/06/07,Hercules,Lorca,1,1,0,0
03/06/07,Murcia,Real Madrid B,2,2,0,1
03/06/07,Numancia,Poli Ejido,3,1,1,0
09/06/07,Ciudad de Murcia,Las Palmas,4,2,4,0
09/06/07,Elche,Castellon,1,0,0,0
09/06/07,Lorca,Alaves,1,2,1,0
09/06/07,Malaga,Cadiz,1,1,0,0
09/06/07,Poli Ejido,Sp Gijon,4,1,2,0
09/06/07,Real Madrid B,Almeria,3,1,2,0
09/06/07,Vecindario,Murcia,1,1,0,1
10/06/07,Ponferradina,Hercules,4,1,2,0
10/06/07,Tenerife,Salamanca,1,0,0,0
10/06/07,Valladolid,Albacete,4,2,2,1
10/06/07,Xerez,Numancia,1,1,0,1
16/06/07,Alaves,Ponferradina,1,2,0,0
16/06/07,Albacete,Lorca,1,0,1,0
16/06/07,Cadiz,Real Madrid B,3,3,2,3
16/06/07,Castellon,Malaga,0,1,0,0
16/06/07,Hercules,Elche,0,2,0,2
16/06/07,Las Palmas,Poli Ejido,0,2,0,2
16/06/07,Murcia,Tenerife,1,4,0,3
16/06/07,Numancia,Valladolid,1,2,0,0
16/06/07,Salamanca,Ciudad de Murcia,1,0,1,0
16/06/07,Sp Gijon,Xerez,2,1,0,0
17/06/07,Almeria,Vecindario,3,0,1,0
